{
  "food_insecurity_pct": 12.6875,
  "diabetes_pct": 10.33578431372549,
  "obesity_pct": 22.715441176470588,
  "mental_distress_pct": 14.179166666666667
}